Abu,Rajasthan,January,19.3,8,5.3
Abu,Rajasthan,February,21,10,4.4
Abu,Rajasthan,March,25.3,14.5,6.5
Abu,Rajasthan,April,29.4,18.7,2.6
Abu,Rajasthan,May,31.5,21,16.4
Abu,Rajasthan,June,29.1,19.8,101.6
Abu,Rajasthan,July,24.5,18.7,573.2
Abu,Rajasthan,August,22.7,17.8,600.3
Abu,Rajasthan,September,24.5,17.6,214.2
Abu,Rajasthan,October,26.7,16.2,19.4
Abu,Rajasthan,November,23.8,12.1,7.9
Abu,Rajasthan,December,20.9,9,2.4
Agartala(A),Tripura,January,25.6,10,27.5
Agartala(A),Tripura,February,28.3,13.2,21.5
Agartala(A),Tripura,March,32.5,18.7,60.7
Agartala(A),Tripura,April,33.7,22.2,199.7
Agartala(A),Tripura,May,32.8,23.5,329.9
Agartala(A),Tripura,June,31.8,24.6,393.4
Agartala(A),Tripura,July,31.4,24.8,363.1
Agartala(A),Tripura,August,31.7,24.7,298.7
Agartala(A),Tripura,September,31.7,24.3,232.4
Agartala(A),Tripura,October,31.1,22,162.5
Agartala(A),Tripura,November,29.2,16.6,46
Agartala(A),Tripura,December,26.4,11.3,10.6
Agra,Uttar Pradesh,January,22.3,7.7,13.2
Agra,Uttar Pradesh,February,25.5,10.3,17.6
Agra,Uttar Pradesh,March,31.9,15.5,9.3
Agra,Uttar Pradesh,April,37.9,21.5,6.3
Agra,Uttar Pradesh,May,41.7,26.5,11.3
Agra,Uttar Pradesh,June,40.7,28.9,55.7
Agra,Uttar Pradesh,July,35.3,26.8,203.3
Agra,Uttar Pradesh,August,33.2,25.7,243.2
Agra,Uttar Pradesh,September,34,24.3,129.7
Agra,Uttar Pradesh,October,34,19.1,24.8
Agra,Uttar Pradesh,November,29.2,12.5,4.3
Agra,Uttar Pradesh,December,23.9,8.2,6.1
Ahmedabad,Gujarat,January,28.7,13.1,2.1
Ahmedabad,Gujarat,February,31,14.8,1.2
Ahmedabad,Gujarat,March,35.9,19.4,1.1
Ahmedabad,Gujarat,April,39.5,23.5,1.9
Ahmedabad,Gujarat,May,41.4,26.3,9.1
Ahmedabad,Gujarat,June,38.5,27.2,97.4
Ahmedabad,Gujarat,July,33.5,25.7,309.8
Ahmedabad,Gujarat,August,32,24.9,213.8
Ahmedabad,Gujarat,September,33.5,24.4,126.6
Ahmedabad,Gujarat,October,35.8,21.9,13.5
Ahmedabad,Gujarat,November,33.2,17.5,6.1
Ahmedabad,Gujarat,December,29.9,14.1,1.7
Aijal/Aizwal,Mizoram,January,20.4,11.4,13.4
Aijal/Aizwal,Mizoram,February,21.7,12.8,23.4
Aijal/Aizwal,Mizoram,March,25.2,15.6,73.4
Aijal/Aizwal,Mizoram,April,26.8,17.5,167.7
Aijal/Aizwal,Mizoram,May,26.3,18.1,289
Aijal/Aizwal,Mizoram,June,25.5,18.9,406.1
Aijal/Aizwal,Mizoram,July,25.3,19.1,320.4
Aijal/Aizwal,Mizoram,August,25.5,19.1,320.6
Aijal/Aizwal,Mizoram,September,25.7,19.2,305.2
Aijal/Aizwal,Mizoram,October,24.7,18,183.7
Aijal/Aizwal,Mizoram,November,23,15.1,43.2
Aijal/Aizwal,Mizoram,December,21,12.2,15.3
Ajmer,Rajasthan,January,22.9,7.6,7.3
Ajmer,Rajasthan,February,25.7,10.3,6
Ajmer,Rajasthan,March,31.3,16,5
Ajmer,Rajasthan,April,36.5,22.2,4
Ajmer,Rajasthan,May,39.7,26.8,15.7
Ajmer,Rajasthan,June,38.4,27.5,58.1
Ajmer,Rajasthan,July,33.6,25.6,181.5
Ajmer,Rajasthan,August,31.3,24.4,157.5
Ajmer,Rajasthan,September,32.6,23.7,73
Ajmer,Rajasthan,October,33.5,18.8,13.1
Ajmer,Rajasthan,November,29.2,12.3,4
Ajmer,Rajasthan,December,24.7,8.4,3.8
Akola(A),Maharashtra,January,29.9,13.1,10.4
Akola(A),Maharashtra,February,32.8,15.4,8.1
Akola(A),Maharashtra,March,37.3,19.7,10
Akola(A),Maharashtra,April,40.9,24.2,4.1
Akola(A),Maharashtra,May,42.5,27.3,9.8
Akola(A),Maharashtra,June,37.6,25.5,144.9
Akola(A),Maharashtra,July,32.4,23.5,217.2
Akola(A),Maharashtra,August,30.6,23,196.6
Akola(A),Maharashtra,September,32.5,22.5,122.7
Akola(A),Maharashtra,October,34.1,19.7,47.7
Akola(A),Maharashtra,November,31.7,15.6,18.7
Akola(A),Maharashtra,December,29.5,12.4,12.1
Allahabad,Uttar Pradesh,January,23.5,8.9,17.9
Allahabad,Uttar Pradesh,February,26.7,11.4,17.3
Allahabad,Uttar Pradesh,March,33.4,16.6,9.6
Allahabad,Uttar Pradesh,April,39.1,22.3,5.5
Allahabad,Uttar Pradesh,May,41.8,26.7,8.8
Allahabad,Uttar Pradesh,June,39.8,28.5,88.8
Allahabad,Uttar Pradesh,July,34,26.6,280.9
Allahabad,Uttar Pradesh,August,32.5,25.9,296.1
Allahabad,Uttar Pradesh,September,33,25,185
Allahabad,Uttar Pradesh,October,33,20.2,36.6
Allahabad,Uttar Pradesh,November,29.2,13.5,9.3
Allahabad,Uttar Pradesh,December,24.6,9.4,7
Ambikapur,Chattisgarh,January,23.5,8.7,22.6
Ambikapur,Chattisgarh,February,26.8,11.3,22.5
Ambikapur,Chattisgarh,March,32,15.6,18.4
Ambikapur,Chattisgarh,April,36.8,20.8,13
Ambikapur,Chattisgarh,May,39.4,24.7,19.4
Ambikapur,Chattisgarh,June,35.5,24.8,211.2
Ambikapur,Chattisgarh,July,29.7,23.2,428.3
Ambikapur,Chattisgarh,August,29.3,22.9,389.8
Ambikapur,Chattisgarh,September,29.8,22.1,227.2
Ambikapur,Chattisgarh,October,29.5,18.1,56.8
Ambikapur,Chattisgarh,November,26.5,12.2,9.7
Ambikapur,Chattisgarh,December,23.8,8.5,6.5
Amritsar(Rajasansi),Punjab,January,19.2,3.9,28.3
Amritsar(Rajasansi),Punjab,February,21.9,6.3,29.2
Amritsar(Rajasansi),Punjab,March,26.9,11,34.8
Amritsar(Rajasansi),Punjab,April,33.9,16.2,19.3
Amritsar(Rajasansi),Punjab,May,38.8,21.2,19.6
Amritsar(Rajasansi),Punjab,June,39.8,24.9,51.7
Amritsar(Rajasansi),Punjab,July,35.3,25.6,224.7
Amritsar(Rajasansi),Punjab,August,34.3,25.2,174.5
Amritsar(Rajasansi),Punjab,September,34.4,22.7,94.6
Amritsar(Rajasansi),Punjab,October,32.3,15.7,21.3
Amritsar(Rajasansi),Punjab,November,27,8.6,5.7
Amritsar(Rajasansi),Punjab,December,21.3,4.3,14.6
Anantpur,Andhra Pradesh,January,30.4,17.4,0.9
Anantpur,Andhra Pradesh,February,33.7,19.3,1.3
Anantpur,Andhra Pradesh,March,37.1,22.4,4.7
Anantpur,Andhra Pradesh,April,38.9,25.8,16.9
Anantpur,Andhra Pradesh,May,38.8,26.2,55
Anantpur,Andhra Pradesh,June,35.4,25,55.8
Anantpur,Andhra Pradesh,July,33.3,24.2,62.7
Anantpur,Andhra Pradesh,August,32.8,23.8,75.3
Anantpur,Andhra Pradesh,September,32.8,23.4,133.2
Anantpur,Andhra Pradesh,October,31.8,22.5,104.7
Anantpur,Andhra Pradesh,November,30.1,20.1,37.8
Anantpur,Andhra Pradesh,December,29.1,17.7,11.2
Aurangabad,Maharashtra,January,29,11,11.3
Aurangabad,Maharashtra,February,31.7,13,2.7
Aurangabad,Maharashtra,March,35.6,17.6,5.6
Aurangabad,Maharashtra,April,38.5,21.9,3.9
Aurangabad,Maharashtra,May,39.5,23.9,26.2
Aurangabad,Maharashtra,June,34.7,22.9,132.2
Aurangabad,Maharashtra,July,30.3,21.7,157.9
Aurangabad,Maharashtra,August,29.2,21.1,152.7
Aurangabad,Maharashtra,September,30.3,20.6,146
Aurangabad,Maharashtra,October,31.8,18,62.1
Aurangabad,Maharashtra,November,30,13.7,26.8
Aurangabad,Maharashtra,December,28.4,10.7,12
Balasore,Odisha,January,27,13.9,17
Balasore,Odisha,February,29.5,16.7,36.3
Balasore,Odisha,March,33.7,21,39.4
Balasore,Odisha,April,36,24.4,54.8
Balasore,Odisha,May,36.1,26,108.6
Balasore,Odisha,June,34.2,26.2,233.4
Balasore,Odisha,July,31.8,25.8,297.9
Balasore,Odisha,August,31.4,25.8,318.3
Balasore,Odisha,September,31.7,25.5,275.8
Balasore,Odisha,October,31.3,23,184
Balasore,Odisha,November,29.2,17.8,41.6
Balasore,Odisha,December,26.9,13.7,6.5
Bangalore,Karnataka,January,27.4,15,4.9
Bangalore,Karnataka,February,30.1,16.6,7.9
Bangalore,Karnataka,March,32.8,19,10
Bangalore,Karnataka,April,33.9,21.3,43.9
Bangalore,Karnataka,May,33.1,21.1,111.9
Bangalore,Karnataka,June,29.4,19.8,79.7
Bangalore,Karnataka,July,27.7,19.3,109.7
Bangalore,Karnataka,August,27.6,19.2,138.8
Bangalore,Karnataka,September,28.1,19.1,185.9
Bangalore,Karnataka,October,27.9,18.9,161.7
Bangalore,Karnataka,November,26.8,17.2,59.2
Bangalore,Karnataka,December,26.2,15.4,17.4
Bareilly,Uttar Pradesh,January,21.6,8.3,22.9
Bareilly,Uttar Pradesh,February,24,10.4,25.3
Bareilly,Uttar Pradesh,March,30.6,15.2,14.5
Bareilly,Uttar Pradesh,April,36.8,20.9,8.9
Bareilly,Uttar Pradesh,May,39.9,25.1,19.3
Bareilly,Uttar Pradesh,June,38.6,27,106.4
Bareilly,Uttar Pradesh,July,33.9,26.1,307
Bareilly,Uttar Pradesh,August,32.6,25.8,290.9
Bareilly,Uttar Pradesh,September,33,24.4,186.1
Bareilly,Uttar Pradesh,October,32.3,19.3,44.9
Bareilly,Uttar Pradesh,November,28,12.7,3.9
Bareilly,Uttar Pradesh,December,23.2,8.8,9.7
Baroda(A),Gujarat,January,29.5,12.5,2.2
Baroda(A),Gujarat,February,31.9,14.2,0.7
Baroda(A),Gujarat,March,36.2,18.4,0.7
Baroda(A),Gujarat,April,39.2,23,1.4
Baroda(A),Gujarat,May,40.1,26.6,6.1
Baroda(A),Gujarat,June,36.8,27,118.9
Baroda(A),Gujarat,July,32.5,25.8,274.6
Baroda(A),Gujarat,August,31.4,25,242.4
Baroda(A),Gujarat,September,33,24.5,124.2
Baroda(A),Gujarat,October,35.5,21.4,26.4
Baroda(A),Gujarat,November,33.4,16.9,13.3
Baroda(A),Gujarat,December,30.7,13.7,3.7
Belgaum Samra,Karnataka,January,29.2,14.6,1.1
Belgaum Samra,Karnataka,February,31.7,15.7,2.1
Belgaum Samra,Karnataka,March,34.6,18.5,10.6
Belgaum Samra,Karnataka,April,35.8,20.4,45.1
Belgaum Samra,Karnataka,May,34.3,21,89.8
Belgaum Samra,Karnataka,June,28.7,20.9,166.1
Belgaum Samra,Karnataka,July,25.8,20.4,268.9
Belgaum Samra,Karnataka,August,25.7,20.1,157.4
Belgaum Samra,Karnataka,September,27.6,19.5,109.3
Belgaum Samra,Karnataka,October,29.2,19.1,124.9
Belgaum Samra,Karnataka,November,28.6,16.9,34.2
Belgaum Samra,Karnataka,December,28.2,15.2,5.6
Bhagalpur,Bihar,January,24.2,11.6,18.2
Bhagalpur,Bihar,February,27.2,13.9,11.4
Bhagalpur,Bihar,March,33.1,18.9,10.3
Bhagalpur,Bihar,April,37.5,23.3,21.5
Bhagalpur,Bihar,May,37.6,25,63
Bhagalpur,Bihar,June,35.5,26.3,187.4
Bhagalpur,Bihar,July,33,26.3,264.5
Bhagalpur,Bihar,August,32.6,26.3,240.7
Bhagalpur,Bihar,September,32.8,25.8,211.6
Bhagalpur,Bihar,October,32.2,23,83.2
Bhagalpur,Bihar,November,29.4,17.1,5.4
Bhagalpur,Bihar,December,25.5,12.4,3.3
Bhatinda,Punjab,January,20.5,4.7,11.4
Bhatinda,Punjab,February,22.8,7.8,13.2
Bhatinda,Punjab,March,28.3,12.5,23.5
Bhatinda,Punjab,April,35.7,18.6,8.8
Bhatinda,Punjab,May,40,22.7,14.8
Bhatinda,Punjab,June,41.4,26.8,34.1
Bhatinda,Punjab,July,36.9,26.3,133.1
Bhatinda,Punjab,August,35.4,25.3,120.2
Bhatinda,Punjab,September,35.4,22.6,47
Bhatinda,Punjab,October,34,16.3,7.8
Bhatinda,Punjab,November,28.2,9.6,7.7
Bhatinda,Punjab,December,22.7,5.2,6.8
Bhopal(Bairagarh),Madhya Pradesh,January,25.3,10.5,13.2
Bhopal(Bairagarh),Madhya Pradesh,February,28.3,12.4,8.7
Bhopal(Bairagarh),Madhya Pradesh,March,33.5,17.1,8.4
Bhopal(Bairagarh),Madhya Pradesh,April,38.3,21.8,4.3
Bhopal(Bairagarh),Madhya Pradesh,May,40.7,25.7,11.7
Bhopal(Bairagarh),Madhya Pradesh,June,37.2,25.4,120.2
Bhopal(Bairagarh),Madhya Pradesh,July,30.7,23.2,354.1
Bhopal(Bairagarh),Madhya Pradesh,August,28.9,22.5,363.3
Bhopal(Bairagarh),Madhya Pradesh,September,30.5,21.6,185.1
Bhopal(Bairagarh),Madhya Pradesh,October,32,18.5,31
Bhopal(Bairagarh),Madhya Pradesh,November,28.9,14.2,12.1
Bhopal(Bairagarh),Madhya Pradesh,December,26,10.9,11
Bhubaneshwar(A),Odisha,January,28.5,15.5,13.1
Bhubaneshwar(A),Odisha,February,31.6,18.6,25.5
Bhubaneshwar(A),Odisha,March,35.1,22.3,25.2
Bhubaneshwar(A),Odisha,April,37.2,25.1,30.8
Bhubaneshwar(A),Odisha,May,37.5,26.5,68.2
Bhubaneshwar(A),Odisha,June,35.2,26.1,204.9
Bhubaneshwar(A),Odisha,July,32,25.2,326.2
Bhubaneshwar(A),Odisha,August,31.6,25.1,366.8
Bhubaneshwar(A),Odisha,September,31.9,24.8,256.3
Bhubaneshwar(A),Odisha,October,31.7,23,190.7
Bhubaneshwar(A),Odisha,November,30.2,18.8,41.7
Bhubaneshwar(A),Odisha,December,28.3,15.2,4.9
Bhuj(Rudramata),Gujarat,January,27.1,8.8,2
Bhuj(Rudramata),Gujarat,February,30.1,11.8,1.5
Bhuj(Rudramata),Gujarat,March,35.1,17.4,2.1
Bhuj(Rudramata),Gujarat,April,38.8,22,1.1
Bhuj(Rudramata),Gujarat,May,39.6,25.3,7.5
Bhuj(Rudramata),Gujarat,June,37.5,27.1,38
Bhuj(Rudramata),Gujarat,July,34,26.3,125.7
Bhuj(Rudramata),Gujarat,August,32.8,25.3,103.5
Bhuj(Rudramata),Gujarat,September,34.3,23.9,63.1
Bhuj(Rudramata),Gujarat,October,36.4,20.7,19.7
Bhuj(Rudramata),Gujarat,November,32.7,15.1,8.5
Bhuj(Rudramata),Gujarat,December,28.4,10.1,1
Bikaner,Rajasthan,January,22.6,6.5,5.7
Bikaner,Rajasthan,February,25.8,9.6,7.8
Bikaner,Rajasthan,March,31.9,15.7,6.3
Bikaner,Rajasthan,April,37.7,22,11.9
Bikaner,Rajasthan,May,41.8,27.1,15.9
Bikaner,Rajasthan,June,41.7,29.3,33
Bikaner,Rajasthan,July,38.4,28.1,91.1
Bikaner,Rajasthan,August,36.5,26.8,82.6
Bikaner,Rajasthan,September,36.7,25.2,40.8
Bikaner,Rajasthan,October,35.8,20,10.1
Bikaner,Rajasthan,November,30.4,12.4,1.9
Bikaner,Rajasthan,December,24.7,7.4,3
Cannanore,Kerala,January,32.7,21.5,4.8
Cannanore,Kerala,February,33.1,22.3,0.2
Cannanore,Kerala,March,33.6,24.1,52.3
Cannanore,Kerala,April,34.1,25.6,41.7
Cannanore,Kerala,May,33.3,25.3,206.6
Cannanore,Kerala,June,29.6,23.6,1048.1
Cannanore,Kerala,July,28.9,23.1,875.5
Cannanore,Kerala,August,29,23.1,574.4
Cannanore,Kerala,September,30.1,23.4,200.8
Cannanore,Kerala,October,31,23.5,221.7
Cannanore,Kerala,November,32,23,103.3
Cannanore,Kerala,December,32.5,22,36.5
Chandigarh,Haryana,January,20.4,6.1,46.6
Chandigarh,Haryana,February,23.1,8.3,33.9
Chandigarh,Haryana,March,28.5,13.4,29.3
Chandigarh,Haryana,April,34.5,18.9,11.3
Chandigarh,Haryana,May,38.3,23.2,24.2
Chandigarh,Haryana,June,38.6,25.4,112.6
Chandigarh,Haryana,July,34,24,276.3
Chandigarh,Haryana,August,32.8,23.3,282.8
Chandigarh,Haryana,September,33.1,21.8,179
Chandigarh,Haryana,October,31.8,17,41.6
Chandigarh,Haryana,November,27.3,10.5,6.7
Chandigarh,Haryana,December,22.1,6.7,18.9
Chennai(Minambakkam),Tamilnadu,January,28.8,20.4,35.3
Chennai(Minambakkam),Tamilnadu,February,30.5,21.1,13
Chennai(Minambakkam),Tamilnadu,March,32.6,23,14.5
Chennai(Minambakkam),Tamilnadu,April,34.7,25.8,15.9
Chennai(Minambakkam),Tamilnadu,May,37.4,27.6,42.4
Chennai(Minambakkam),Tamilnadu,June,37.3,27.4,53.9
Chennai(Minambakkam),Tamilnadu,July,35.3,26.1,99.6
Chennai(Minambakkam),Tamilnadu,August,34.5,25.5,129.9
Chennai(Minambakkam),Tamilnadu,September,33.9,25.2,123.5
Chennai(Minambakkam),Tamilnadu,October,31.8,24.2,284.6
Chennai(Minambakkam),Tamilnadu,November,29.4,22.6,353
Chennai(Minambakkam),Tamilnadu,December,28.4,21.2,146.3
Cherrapunji,Meghalya,January,15.7,7.3,19.2
Cherrapunji,Meghalya,February,17.1,8.9,51.5
Cherrapunji,Meghalya,March,20.4,12.5,223.1
Cherrapunji,Meghalya,April,21.9,14.6,684.1
Cherrapunji,Meghalya,May,22.4,16.1,1393.9
Cherrapunji,Meghalya,June,22.4,17.7,2597.5
Cherrapunji,Meghalya,July,22.4,18.2,2622
Cherrapunji,Meghalya,August,22.7,18.2,1793.5
Cherrapunji,Meghalya,September,23,17.8,1113
Cherrapunji,Meghalya,October,22.5,15.7,478
Cherrapunji,Meghalya,November,20.1,12,63.3
Cherrapunji,Meghalya,December,17.1,8.6,13.5
Coimbatore(Pilamedu),Tamilnadu,January,30.2,18.1,6.6
Coimbatore(Pilamedu),Tamilnadu,February,32.9,19.2,8.9
Coimbatore(Pilamedu),Tamilnadu,March,35.5,21.3,12
Coimbatore(Pilamedu),Tamilnadu,April,36.2,23.3,49.4
Coimbatore(Pilamedu),Tamilnadu,May,34.7,23.3,68.8
Coimbatore(Pilamedu),Tamilnadu,June,32,22.3,84.4
Coimbatore(Pilamedu),Tamilnadu,July,30.8,21.7,34.3
Coimbatore(Pilamedu),Tamilnadu,August,31.3,21.7,28.4
Coimbatore(Pilamedu),Tamilnadu,September,32.2,21.8,57.3
Coimbatore(Pilamedu),Tamilnadu,October,31.3,21.8,136.7
Coimbatore(Pilamedu),Tamilnadu,November,29.9,20.6,119.3
Coimbatore(Pilamedu),Tamilnadu,December,29.1,18.8,40.8
Cooch Behar,West Bengal,January,23.7,9.6,8.3
Cooch Behar,West Bengal,February,25.8,11.6,13.1
Cooch Behar,West Bengal,March,29.9,15.8,40.7
Cooch Behar,West Bengal,April,31.7,20.1,127.9
Cooch Behar,West Bengal,May,31,22.2,377.6
Cooch Behar,West Bengal,June,31.1,24.1,766.8
Cooch Behar,West Bengal,July,31.3,24.9,813.4
Cooch Behar,West Bengal,August,31.6,25.1,620.5
Cooch Behar,West Bengal,September,31.3,24.3,519
Cooch Behar,West Bengal,October,30.5,21.2,179.8
Cooch Behar,West Bengal,November,28.1,15.4,9.7
Cooch Behar,West Bengal,December,25.2,11.2,4
Darjeeling,West Bengal,January,9.4,1.8,19.7
Darjeeling,West Bengal,February,10.4,2.9,24.1
Darjeeling,West Bengal,March,14.4,6.3,47.7
Darjeeling,West Bengal,April,17.4,9.4,115.8
Darjeeling,West Bengal,May,18.5,11.5,197.2
Darjeeling,West Bengal,June,19.3,13.6,570
Darjeeling,West Bengal,July,19.4,14.3,781.7
Darjeeling,West Bengal,August,19.6,14.2,635.3
Darjeeling,West Bengal,September,19.2,13.3,437.3
Darjeeling,West Bengal,October,18,10.3,122.5
Darjeeling,West Bengal,November,14.7,6.3,23.5
Darjeeling,West Bengal,December,11.5,3.3,7
Dehra Dun,Uttarkhand,January,19.3,6,55
Dehra Dun,Uttarkhand,February,21.5,7.8,58.8
Dehra Dun,Uttarkhand,March,26.4,12,49
Dehra Dun,Uttarkhand,April,32.1,16.7,22.5
Dehra Dun,Uttarkhand,May,35.6,20.7,41.7
Dehra Dun,Uttarkhand,June,34.8,23,201.8
Dehra Dun,Uttarkhand,July,30.5,22.8,672.6
Dehra Dun,Uttarkhand,August,29.4,22.4,728.2
Dehra Dun,Uttarkhand,September,29.7,20.8,296.5
Dehra Dun,Uttarkhand,October,28.5,15.7,49.8
Dehra Dun,Uttarkhand,November,25,10.4,8.6
Dehra Dun,Uttarkhand,December,21.1,6.8,24.4
Dharmsala,Himachal Pradesh,January,14.8,5.9,119.7
Dharmsala,Himachal Pradesh,February,16.7,7.5,108.2
Dharmsala,Himachal Pradesh,March,21,11.4,241.7
Dharmsala,Himachal Pradesh,April,26.1,15.9,58.3
Dharmsala,Himachal Pradesh,May,30.3,19.8,64.2
Dharmsala,Himachal Pradesh,June,31.4,21.6,222.7
Dharmsala,Himachal Pradesh,July,27.3,20.6,876.9
Dharmsala,Himachal Pradesh,August,26.4,20.2,864.6
Dharmsala,Himachal Pradesh,September,26.4,18.6,375.8
Dharmsala,Himachal Pradesh,October,24.9,15,55.8
Dharmsala,Himachal Pradesh,November,20.9,10.6,20.8
Dharmsala,Himachal Pradesh,December,16.9,7.4,54.9
Dibrugarh/Mohanbari,Assam,January,22.7,9.1,32
Dibrugarh/Mohanbari,Assam,February,23.9,12.2,78.5
Dibrugarh/Mohanbari,Assam,March,26.5,15.6,109.7
Dibrugarh/Mohanbari,Assam,April,27.9,18.7,218.7
Dibrugarh/Mohanbari,Assam,May,29.4,21.7,316
Dibrugarh/Mohanbari,Assam,June,30.9,24,419.5
Dibrugarh/Mohanbari,Assam,July,31,24.5,520.9
Dibrugarh/Mohanbari,Assam,August,31.6,24.8,443.8
Dibrugarh/Mohanbari,Assam,September,30.7,23.8,333.1
Dibrugarh/Mohanbari,Assam,October,29.5,20.6,143.4
Dibrugarh/Mohanbari,Assam,November,27.1,14.6,24.7
Dibrugarh/Mohanbari,Assam,December,24,9.8,18
Gadag,Karnataka,January,30.1,16.5,2.2
Gadag,Karnataka,February,32.9,18.4,1.6
Gadag,Karnataka,March,35.9,21,6.2
Gadag,Karnataka,April,37.3,22.4,37.2
Gadag,Karnataka,May,36.3,22.4,77.6
Gadag,Karnataka,June,31,21.7,81.6
Gadag,Karnataka,July,28.5,21.2,71.6
Gadag,Karnataka,August,28.7,20.8,86.7
Gadag,Karnataka,September,29.8,20.5,126.6
Gadag,Karnataka,October,30.6,20.5,121.1
Gadag,Karnataka,November,29.7,18.3,36.6
Gadag,Karnataka,December,29,16.3,8.6
Gangtok,Sikkim,January,12.6,4.2,31.9
Gangtok,Sikkim,February,14.1,5.5,79.4
Gangtok,Sikkim,March,18.3,8.7,122.2
Gangtok,Sikkim,April,21,11.5,270.9
Gangtok,Sikkim,May,21.7,13.6,527.7
Gangtok,Sikkim,June,22.2,16,611.3
Gangtok,Sikkim,July,22,16.6,628.6
Gangtok,Sikkim,August,22.4,16.5,563.2
Gangtok,Sikkim,September,21.8,15.5,463.4
Gangtok,Sikkim,October,20.9,12.3,177.9
Gangtok,Sikkim,November,17.8,8.7,41.7
Gangtok,Sikkim,December,14.4,5.6,21.1
Gaya,Bihar,January,23.8,10,20.1
Gaya,Bihar,February,26.9,12.6,19
Gaya,Bihar,March,33.4,17.7,11.7
Gaya,Bihar,April,38.8,23.3,7.5
Gaya,Bihar,May,40.8,26.7,21.3
Gaya,Bihar,June,38.1,27.6,137.3
Gaya,Bihar,July,33.4,26.1,313.9
Gaya,Bihar,August,32.4,25.7,327.6
Gaya,Bihar,September,32.6,25.3,205.7
Gaya,Bihar,October,31.9,21.6,52.6
Gaya,Bihar,November,28.7,14.8,10
Gaya,Bihar,December,24.8,10.3,3.6
Gopalpur,Odisha,January,27.2,16.9,11
Gopalpur,Odisha,February,28.9,19.5,23.6
Gopalpur,Odisha,March,30.7,22.6,18.1
Gopalpur,Odisha,April,31.2,25,20.3
Gopalpur,Odisha,May,32.4,26.7,53.8
Gopalpur,Odisha,June,32.3,26.8,138.1
Gopalpur,Odisha,July,31,26.1,174.6
Gopalpur,Odisha,August,31.2,25.9,195.9
Gopalpur,Odisha,September,31.7,25.7,192
Gopalpur,Odisha,October,31.4,23.8,237.8
Gopalpur,Odisha,November,29.5,19.7,95.3
Gopalpur,Odisha,December,27.4,16.4,11.4
Gorakhpur,Uttar Pradesh,January,22.9,9.2,14.2
Gorakhpur,Uttar Pradesh,February,25.9,11.4,15.2
Gorakhpur,Uttar Pradesh,March,32.4,16.4,9.4
Gorakhpur,Uttar Pradesh,April,37.4,21.8,11.7
Gorakhpur,Uttar Pradesh,May,38.7,25,36.1
Gorakhpur,Uttar Pradesh,June,36.7,26.3,166.7
Gorakhpur,Uttar Pradesh,July,32.9,26,342.7
Gorakhpur,Uttar Pradesh,August,32.4,25.7,339.1
Gorakhpur,Uttar Pradesh,September,32.6,24.9,232.3
Gorakhpur,Uttar Pradesh,October,32.4,20.9,60.4
Gorakhpur,Uttar Pradesh,November,28.8,14.4,4.9
Gorakhpur,Uttar Pradesh,December,24.4,10.1,6.2
Gulbarga,Karnataka,January,30.7,16,5
Gulbarga,Karnataka,February,33.6,18.3,5.6
Gulbarga,Karnataka,March,37.3,21.8,7.9
Gulbarga,Karnataka,April,39.6,25,18.6
Gulbarga,Karnataka,May,40.3,26,35.5
Gulbarga,Karnataka,June,35.3,23.7,107.3
Gulbarga,Karnataka,July,31.8,22.5,136.8
Gulbarga,Karnataka,August,31.3,22.2,140.1
Gulbarga,Karnataka,September,31.5,22.1,190.1
Gulbarga,Karnataka,October,32.3,20.9,80.7
Gulbarga,Karnataka,November,30.8,17.8,26.8
Gulbarga,Karnataka,December,29.7,15.2,5.1
Guwahati (Bhorjar),Assam,January,23.6,10.2,11.8
Guwahati (Bhorjar),Assam,February,26.2,11.9,17.2
Guwahati (Bhorjar),Assam,March,29.9,15.8,55.1
Guwahati (Bhorjar),Assam,April,31.2,20,147
Guwahati (Bhorjar),Assam,May,31.1,22.6,248.9
Guwahati (Bhorjar),Assam,June,31.7,24.8,316.8
Guwahati (Bhorjar),Assam,July,31.8,25.5,351.2
Guwahati (Bhorjar),Assam,August,32.1,25.5,269.4
Guwahati (Bhorjar),Assam,September,31.6,24.6,187
Guwahati (Bhorjar),Assam,October,30.2,21.9,90.9
Guwahati (Bhorjar),Assam,November,27.6,16.7,18.5
Guwahati (Bhorjar),Assam,December,24.6,11.7,7.3
Gwalior,Madhya Pradesh,January,22.8,7,14.4
Gwalior,Madhya Pradesh,February,26.4,9.8,10
Gwalior,Madhya Pradesh,March,32.5,15.4,6.5
Gwalior,Madhya Pradesh,April,38.6,21.5,4.5
Gwalior,Madhya Pradesh,May,42,26.8,11.2
Gwalior,Madhya Pradesh,June,40.7,29,67.5
Gwalior,Madhya Pradesh,July,34.6,26.4,248.8
Gwalior,Madhya Pradesh,August,32.4,25.2,274.4
Gwalior,Madhya Pradesh,September,33.1,23.9,151.2
Gwalior,Madhya Pradesh,October,33.5,18.3,40.7
Gwalior,Madhya Pradesh,November,29.4,11.6,5.8
Gwalior,Madhya Pradesh,December,24.6,7.3,7
Hassan,Karnataka,January,27.9,14.1,2.6
Hassan,Karnataka,February,30.3,15.5,5
Hassan,Karnataka,March,32.7,17.7,11.5
Hassan,Karnataka,April,33.3,19.5,56.7
Hassan,Karnataka,May,31.4,19.7,104.9
Hassan,Karnataka,June,26.8,19,88.7
Hassan,Karnataka,July,24.9,18.6,147.9
Hassan,Karnataka,August,25.4,18.5,94.2
Hassan,Karnataka,September,26.9,18.2,106.5
Hassan,Karnataka,October,27.5,18.2,156.1
Hassan,Karnataka,November,26.9,16.5,64.1
Hassan,Karnataka,December,26.7,14.5,14.6
Hissar,Haryana,January,21.3,5.8,14.8
Hissar,Haryana,February,24.5,8.5,15.2
Hissar,Haryana,March,30.5,13.8,14
Hissar,Haryana,April,36.9,19.6,8.9
Hissar,Haryana,May,41,24.7,17.3
Hissar,Haryana,June,41.2,27.8,39.7
Hissar,Haryana,July,37.2,27.3,133.1
Hissar,Haryana,August,35.6,26.2,130.6
Hissar,Haryana,September,35.7,23.9,74.5
Hissar,Haryana,October,34.4,17.8,29.2
Hissar,Haryana,November,29.2,10.9,3.2
Hissar,Haryana,December,23.5,6.5,10.2
Hyderabad (A),Telanagana,January,28.8,15.2,13.2
Hyderabad (A),Telanagana,February,31.9,17.6,7.9
Hyderabad (A),Telanagana,March,35.4,20.8,15.3
Hyderabad (A),Telanagana,April,37.9,24.3,20.2
Hyderabad (A),Telanagana,May,39,26.2,35.7
Hyderabad (A),Telanagana,June,34.5,24,103.8
Hyderabad (A),Telanagana,July,30.8,22.6,169.9
Hyderabad (A),Telanagana,August,29.8,22.1,178.7
Hyderabad (A),Telanagana,September,30.5,22,158.3
Hyderabad (A),Telanagana,October,30.6,20.3,97.2
Hyderabad (A),Telanagana,November,29,16.9,22.4
Hyderabad (A),Telanagana,December,28,14.5,5.9
Imphal/Tulihal,Manipur,January,21.5,4,12.2
Imphal/Tulihal,Manipur,February,23.3,6.9,37.5
Imphal/Tulihal,Manipur,March,26.8,11.2,84.5
Imphal/Tulihal,Manipur,April,28.6,15.4,120.1
Imphal/Tulihal,Manipur,May,29,18.3,154.2
Imphal/Tulihal,Manipur,June,29.1,20.9,262.1
Imphal/Tulihal,Manipur,July,28.9,21.5,407.3
Imphal/Tulihal,Manipur,August,29,21.3,198.7
Imphal/Tulihal,Manipur,September,29,20.2,131.5
Imphal/Tulihal,Manipur,October,28.1,16.7,112.1
Imphal/Tulihal,Manipur,November,25.2,10.5,48.1
Imphal/Tulihal,Manipur,December,22.2,5.1,14
Indore,Madhya Pradesh,January,26.5,9.9,7.7
Indore,Madhya Pradesh,February,29.3,11.5,2.5
Indore,Madhya Pradesh,March,34.2,16.2,2.4
Indore,Madhya Pradesh,April,38.4,21,2.4
Indore,Madhya Pradesh,May,40.2,24.5,10.6
Indore,Madhya Pradesh,June,36.3,24.3,131.9
Indore,Madhya Pradesh,July,30.3,22.7,283.7
Indore,Madhya Pradesh,August,28.5,22,276.9
Indore,Madhya Pradesh,September,30.3,21,183.1
Indore,Madhya Pradesh,October,32.2,18,40.1
Indore,Madhya Pradesh,November,29.6,13.6,13.3
Indore,Madhya Pradesh,December,27.1,10.5,6.3
Jabalpur,Madhya Pradesh,January,25.5,9.8,22.2
Jabalpur,Madhya Pradesh,February,28.2,11.9,23.4
Jabalpur,Madhya Pradesh,March,33.6,16.1,15.5
Jabalpur,Madhya Pradesh,April,38.4,21.4,7.7
Jabalpur,Madhya Pradesh,May,41.3,26,12.9
Jabalpur,Madhya Pradesh,June,37.5,26.4,167.3
Jabalpur,Madhya Pradesh,July,30.7,24.1,421.9
Jabalpur,Madhya Pradesh,August,29.5,23.6,422.9
Jabalpur,Madhya Pradesh,September,30.9,23.1,200.1
Jabalpur,Madhya Pradesh,October,31.6,18.8,39.9
Jabalpur,Madhya Pradesh,November,28.7,12.7,15
Jabalpur,Madhya Pradesh,December,25.9,9.3,9.9
Jagdalpur,Chattisgarh,January,28.2,11.6,9.1
Jagdalpur,Chattisgarh,February,30.9,14.3,15.6
Jagdalpur,Chattisgarh,March,34.9,18.5,16
Jagdalpur,Chattisgarh,April,37.2,22.2,51.1
Jagdalpur,Chattisgarh,May,38.1,24.2,73.2
Jagdalpur,Chattisgarh,June,33.4,23.8,239.6
Jagdalpur,Chattisgarh,July,28.6,22.3,369.4
Jagdalpur,Chattisgarh,August,28.4,22.2,377.5
Jagdalpur,Chattisgarh,September,29.6,22,236.9
Jagdalpur,Chattisgarh,October,29.9,19.6,101.1
Jagdalpur,Chattisgarh,November,28.2,14.9,24.3
Jagdalpur,Chattisgarh,December,27.2,11.1,7.7
Jaipur (Sanganer),Rajasthan,January,22.4,8.2,7.5
Jaipur (Sanganer),Rajasthan,February,25.4,10.9,10.2
Jaipur (Sanganer),Rajasthan,March,31.3,16,4.5
Jaipur (Sanganer),Rajasthan,April,37,21.6,8.3
Jaipur (Sanganer),Rajasthan,May,40.3,25.7,16.7
Jaipur (Sanganer),Rajasthan,June,39.5,27.5,54.7
Jaipur (Sanganer),Rajasthan,July,34.2,25.8,214
Jaipur (Sanganer),Rajasthan,August,32.3,24.5,213.6
Jaipur (Sanganer),Rajasthan,September,33.5,23.2,69.4
Jaipur (Sanganer),Rajasthan,October,33.5,19,23.3
Jaipur (Sanganer),Rajasthan,November,29.1,13.4,4.2
Jaipur (Sanganer),Rajasthan,December,24.4,9.2,3
Jaisalmer,Rajasthan,January,23.7,7.6,1.5
Jaisalmer,Rajasthan,February,27.1,10.5,3
Jaisalmer,Rajasthan,March,32.6,16.4,2.7
Jaisalmer,Rajasthan,April,38.2,21.9,21
Jaisalmer,Rajasthan,May,41.6,25.6,8.9
Jaisalmer,Rajasthan,June,40.8,27,15.1
Jaisalmer,Rajasthan,July,37.7,26.5,60.1
Jaisalmer,Rajasthan,August,36,25.4,75.8
Jaisalmer,Rajasthan,September,36.4,24.2,17.6
Jaisalmer,Rajasthan,October,36.1,20.2,2.4
Jaisalmer,Rajasthan,November,31,13.4,1.5
Jaisalmer,Rajasthan,December,25.5,8.5,2.4
Jammu,Jammu and Kashmir,January,18.6,7.8,60.7
Jammu,Jammu and Kashmir,February,21.3,10.1,62.8
Jammu,Jammu and Kashmir,March,26.1,14.2,59.9
Jammu,Jammu and Kashmir,April,32.6,19.7,35.7
Jammu,Jammu and Kashmir,May,38.1,24.7,25.6
Jammu,Jammu and Kashmir,June,39.8,26.9,72.7
Jammu,Jammu and Kashmir,July,35.1,25.2,349.6
Jammu,Jammu and Kashmir,August,33.3,24.7,319.1
Jammu,Jammu and Kashmir,September,33.3,23.3,139.8
Jammu,Jammu and Kashmir,October,31.4,18.8,23.8
Jammu,Jammu and Kashmir,November,26.5,13.1,10.3
Jammu,Jammu and Kashmir,December,20.9,9,33
Jamshedpur,Jharkhand,January,26.2,11.7,14
Jamshedpur,Jharkhand,February,29.3,14.5,25.7
Jamshedpur,Jharkhand,March,34.4,18.6,26.1
Jamshedpur,Jharkhand,April,38.9,23.7,37.5
Jamshedpur,Jharkhand,May,39.6,26.2,57.2
Jamshedpur,Jharkhand,June,36.2,26.2,205.3
Jamshedpur,Jharkhand,July,32.3,25.1,292.5
Jamshedpur,Jharkhand,August,31.8,25.2,306.5
Jamshedpur,Jharkhand,September,32.1,24.6,208.8
Jamshedpur,Jharkhand,October,31.5,21.7,82.2
Jamshedpur,Jharkhand,November,29,16.1,10.1
Jamshedpur,Jharkhand,December,26.2,11.7,6.1
Jharsuguda,Odisha,January,27.6,12.2,16.1
Jharsuguda,Odisha,February,30.7,15,19.7
Jharsuguda,Odisha,March,35.5,19.2,18
Jharsuguda,Odisha,April,40,24.1,18
Jharsuguda,Odisha,May,41.4,26.9,36.1
Jharsuguda,Odisha,June,36.9,26.3,211.8
Jharsuguda,Odisha,July,31.5,24.7,377.3
Jharsuguda,Odisha,August,31.1,24.6,405.5
Jharsuguda,Odisha,September,31.9,24.3,278.4
Jharsuguda,Odisha,October,32,21.5,61.7
Jharsuguda,Odisha,November,30,16.2,10.4
Jharsuguda,Odisha,December,27.6,12.1,7.9
Jodhpur,Rajasthan,January,25,9.6,10.2
Jodhpur,Rajasthan,February,27.8,11.8,4.8
Jodhpur,Rajasthan,March,33.4,17.2,3.9
Jodhpur,Rajasthan,April,38.4,22.7,5.1
Jodhpur,Rajasthan,May,41.4,26.8,66.1
Jodhpur,Rajasthan,June,40.1,28.2,35.1
Jodhpur,Rajasthan,July,36,26.8,120.8
Jodhpur,Rajasthan,August,33.7,25.3,128.9
Jodhpur,Rajasthan,September,35,24.1,57.6
Jodhpur,Rajasthan,October,36,19.9,8.1
Jodhpur,Rajasthan,November,31.5,14.5,2.6
Jodhpur,Rajasthan,December,26.8,10.8,1.6
Joshimath,Uttarkhand,January,11.4,2.1,65.3
Joshimath,Uttarkhand,February,12.4,3.2,98
Joshimath,Uttarkhand,March,17.6,6.6,114.3
Joshimath,Uttarkhand,April,21.8,10.8,64
Joshimath,Uttarkhand,May,24.6,13.9,71.3
Joshimath,Uttarkhand,June,25.9,16.6,132.3
Joshimath,Uttarkhand,July,24.1,16.9,247.4
Joshimath,Uttarkhand,August,23.6,16.9,222.4
Joshimath,Uttarkhand,September,22.9,14.8,104.8
Joshimath,Uttarkhand,October,20.6,10.5,45.1
Joshimath,Uttarkhand,November,16.8,6.2,15.4
Joshimath,Uttarkhand,December,13.6,3.8,25
Jullundur,Punjab,January,19.4,6.2,10.7
Jullundur,Punjab,February,21.6,8.6,16.7
Jullundur,Punjab,March,26,13.2,32.8
Jullundur,Punjab,April,34.5,19,15.2
Jullundur,Punjab,May,39.4,23.8,20.4
Jullundur,Punjab,June,38.2,25.6,69.7
Jullundur,Punjab,July,34.1,24.7,155.2
Jullundur,Punjab,August,33.1,25.8,183.6
Jullundur,Punjab,September,32.6,21.8,60
Jullundur,Punjab,October,31.5,18.3,1.5
Jullundur,Punjab,November,27.2,12.1,3.5
Jullundur,Punjab,December,22.3,7.2,9.7
Kanpur (A),Uttar Pradesh,January,23,8.5,15.4
Kanpur (A),Uttar Pradesh,February,26,11,16.4
Kanpur (A),Uttar Pradesh,March,32.3,16.2,7.9
Kanpur (A),Uttar Pradesh,April,38.2,21.9,5.3
Kanpur (A),Uttar Pradesh,May,41.3,26.4,8.4
Kanpur (A),Uttar Pradesh,June,39.9,28.5,66.3
Kanpur (A),Uttar Pradesh,July,34.2,26.7,244.6
Kanpur (A),Uttar Pradesh,August,32.5,25.9,273.2
Kanpur (A),Uttar Pradesh,September,33.1,24.9,161.7
Kanpur (A),Uttar Pradesh,October,33,19.6,40
Kanpur (A),Uttar Pradesh,November,28.9,12.7,4.6
Kanpur (A),Uttar Pradesh,December,24.2,8.8,7.1
Kanyakumari,Tamilnadu,January,30.8,23.4,13.4
Kanyakumari,Tamilnadu,February,31.6,23.8,13.5
Kanyakumari,Tamilnadu,March,32.1,25,23.3
Kanyakumari,Tamilnadu,April,32.7,26.1,64.5
Kanyakumari,Tamilnadu,May,32.5,26.2,51.2
Kanyakumari,Tamilnadu,June,30.5,24.5,87.8
Kanyakumari,Tamilnadu,July,30.3,24,47
Kanyakumari,Tamilnadu,August,30.4,23.9,41.4
Kanyakumari,Tamilnadu,September,30.6,24.3,38.9
Kanyakumari,Tamilnadu,October,30.5,24.3,127.5
Kanyakumari,Tamilnadu,November,30.2,24,165.3
Kanyakumari,Tamilnadu,December,30.2,23.7,61.1
Karnal,Haryana,January,19.9,7.1,26.9
Karnal,Haryana,February,22.7,9.2,17.5
Karnal,Haryana,March,28.1,13.5,18.6
Karnal,Haryana,April,35.2,19.2,6.7
Karnal,Haryana,May,38.9,23.6,9.8
Karnal,Haryana,June,38.8,26,50.7
Karnal,Haryana,July,34.2,25.4,194.8
Karnal,Haryana,August,32.8,24.9,221.5
Karnal,Haryana,September,32.9,23.2,93.3
Karnal,Haryana,October,31.7,17.7,21.7
Karnal,Haryana,November,27.2,11.9,4.7
Karnal,Haryana,December,22.1,8,9.7
Khajuraho,Madhya Pradesh,January,24.3,8.4,20.8
Khajuraho,Madhya Pradesh,February,27.6,10.6,28.2
Khajuraho,Madhya Pradesh,March,33.8,15.5,8.3
Khajuraho,Madhya Pradesh,April,39.8,21.9,5.4
Khajuraho,Madhya Pradesh,May,42.7,27,9.4
Khajuraho,Madhya Pradesh,June,40.1,28.4,100
Khajuraho,Madhya Pradesh,July,33.8,26.1,322.8
Khajuraho,Madhya Pradesh,August,32.1,25.2,401.2
Khajuraho,Madhya Pradesh,September,32.9,24,187.8
Khajuraho,Madhya Pradesh,October,33.7,19.1,37.3
Khajuraho,Madhya Pradesh,November,29.9,13.1,8.5
Khajuraho,Madhya Pradesh,December,25.7,9,4.8
Kodaikanal,Tamilnadu,January,17.5,8.1,59.1
Kodaikanal,Tamilnadu,February,18.6,8.5,34.6
Kodaikanal,Tamilnadu,March,20.1,10.1,52.6
Kodaikanal,Tamilnadu,April,20.6,11.7,136
Kodaikanal,Tamilnadu,May,20.9,12.6,146.1
Kodaikanal,Tamilnadu,June,18.9,12,97.7
Kodaikanal,Tamilnadu,July,17.7,11.4,122.1
Kodaikanal,Tamilnadu,August,17.9,11.3,153.1
Kodaikanal,Tamilnadu,September,18.1,11.2,185.6
Kodaikanal,Tamilnadu,October,17.4,10.7,253.9
Kodaikanal,Tamilnadu,November,16.4,9.7,235
Kodaikanal,Tamilnadu,December,16.7,8.7,141.4
Kohima,Nagaland,January,16.6,8.1,11.7
Kohima,Nagaland,February,17.9,9.3,35.4
Kohima,Nagaland,March,22.1,12.7,47.6
Kohima,Nagaland,April,24.1,15.6,88.7
Kohima,Nagaland,May,24.4,16.9,159.2
Kohima,Nagaland,June,24.9,18.1,333.8
Kohima,Nagaland,July,25,18.8,371.8
Kohima,Nagaland,August,25.4,18.9,364
Kohima,Nagaland,September,25,18.1,250.1
Kohima,Nagaland,October,23.4,16.6,126
Kohima,Nagaland,November,20.6,13.1,35.2
Kohima,Nagaland,December,17.7,9.4,7.8
Kolkata (Alipur),West Bengal,January,26,13.7,13.3
Kolkata (Alipur),West Bengal,February,29,16.6,25.6
Kolkata (Alipur),West Bengal,March,33.7,21.4,33.3
Kolkata (Alipur),West Bengal,April,35.7,24.9,51.2
Kolkata (Alipur),West Bengal,May,35.5,26.1,126.2
Kolkata (Alipur),West Bengal,June,33.7,26.5,282.4
Kolkata (Alipur),West Bengal,July,32,26.2,339.8
Kolkata (Alipur),West Bengal,August,31.8,26.1,333.2
Kolkata (Alipur),West Bengal,September,32,25.9,277.2
Kolkata (Alipur),West Bengal,October,31.7,23.9,138.9
Kolkata (Alipur),West Bengal,November,29.3,18.8,23.9
Kolkata (Alipur),West Bengal,December,26.4,14.2,6.4
Kota (A),Rajasthan,January,23.7,10.9,5.4
Kota (A),Rajasthan,February,26.9,13.7,4.4
Kota (A),Rajasthan,March,32.9,19.1,4
Kota (A),Rajasthan,April,38.8,25,3.2
Kota (A),Rajasthan,May,42.1,29.3,10.3
Kota (A),Rajasthan,June,40,29.2,62.9
Kota (A),Rajasthan,July,34.2,26.5,257
Kota (A),Rajasthan,August,32,25.4,245.8
Kota (A),Rajasthan,September,33.7,25,98.5
Kota (A),Rajasthan,October,34.3,21.8,19.6
Kota (A),Rajasthan,November,29.9,16.3,7.8
Kota (A),Rajasthan,December,25.3,11.9,3.5
Kozhikode (A),Kerala,January,33,22.3,7.4
Kozhikode (A),Kerala,February,33.5,23.1,3.3
Kozhikode (A),Kerala,March,34.5,24.9,23.4
Kozhikode (A),Kerala,April,34.2,25.5,73.8
Kozhikode (A),Kerala,May,33.1,25.3,189.7
Kozhikode (A),Kerala,June,29.8,23.6,736.4
Kozhikode (A),Kerala,July,28.8,23.1,789.3
Kozhikode (A),Kerala,August,29.1,23.4,395.5
Kozhikode (A),Kerala,September,30.4,23.7,237.4
Kozhikode (A),Kerala,October,30.8,23.5,400.9
Kozhikode (A),Kerala,November,31.9,23.4,158.5
Kozhikode (A),Kerala,December,32.2,22.5,119.9
Lucknow (Amausi),Uttar Pradesh,January,22.5,7.3,19.1
Lucknow (Amausi),Uttar Pradesh,February,25.9,9.7,17.6
Lucknow (Amausi),Uttar Pradesh,March,32.1,14.5,8.7
Lucknow (Amausi),Uttar Pradesh,April,38,20.4,5.8
Lucknow (Amausi),Uttar Pradesh,May,40.3,24.7,18.8
Lucknow (Amausi),Uttar Pradesh,June,38.6,27,103.2
Lucknow (Amausi),Uttar Pradesh,July,33.8,26.1,277.4
Lucknow (Amausi),Uttar Pradesh,August,32.9,25.6,284
Lucknow (Amausi),Uttar Pradesh,September,33,24.3,201.4
Lucknow (Amausi),Uttar Pradesh,October,32.6,19,49
Lucknow (Amausi),Uttar Pradesh,November,29,12.3,8
Lucknow (Amausi),Uttar Pradesh,December,24.3,8,16.4
Ludhiana,Punjab,January,19.7,6.2,30.6
Ludhiana,Punjab,February,22.4,8.4,34.1
Ludhiana,Punjab,March,28.3,13.1,28.7
Ludhiana,Punjab,April,35.2,18.8,14.9
Ludhiana,Punjab,May,40.2,23.9,14.7
Ludhiana,Punjab,June,40.7,27.1,52
Ludhiana,Punjab,July,35.9,26.7,200.2
Ludhiana,Punjab,August,34.4,25.9,174.3
Ludhiana,Punjab,September,34.7,23.7,108.4
Ludhiana,Punjab,October,33.3,17.6,19.8
Ludhiana,Punjab,November,27.7,10.6,5.4
Ludhiana,Punjab,December,21.9,6.6,15.6
Madurai (A),Tamilnadu,January,30.5,20.1,16.1
Madurai (A),Tamilnadu,February,32.9,21,8.6
Madurai (A),Tamilnadu,March,35.6,22.9,12.3
Madurai (A),Tamilnadu,April,37,25.2,47.8
Madurai (A),Tamilnadu,May,37.6,26,68.8
Madurai (A),Tamilnadu,June,36.7,25.9,42.9
Madurai (A),Tamilnadu,July,35.8,25.6,59.1
Madurai (A),Tamilnadu,August,35.6,25.2,84.9
Madurai (A),Tamilnadu,September,34.8,24.4,124.5
Madurai (A),Tamilnadu,October,32.6,23.5,172.5
Madurai (A),Tamilnadu,November,30.4,22.5,146.6
Madurai (A),Tamilnadu,December,29.6,21.1,58.5
Mahabaleshwar,Maharashtra,January,25.1,13.5,1.7
Mahabaleshwar,Maharashtra,February,27,14.5,1
Mahabaleshwar,Maharashtra,March,29.7,17.2,6.1
Mahabaleshwar,Maharashtra,April,30.9,18.7,24.6
Mahabaleshwar,Maharashtra,May,29.4,18.1,58.4
Mahabaleshwar,Maharashtra,June,22.4,17,874.4
Mahabaleshwar,Maharashtra,July,19.4,16.6,2344.7
Mahabaleshwar,Maharashtra,August,19.2,16.4,1711.4
Mahabaleshwar,Maharashtra,September,21,15.9,601.9
Mahabaleshwar,Maharashtra,October,24.8,16.1,150.8
Mahabaleshwar,Maharashtra,November,24.7,14.8,41
Mahabaleshwar,Maharashtra,December,24.3,13.7,11.2
Malda,West Bengal,January,24.3,11.3,11.9
Malda,West Bengal,February,27.3,13.4,16.1
Malda,West Bengal,March,32.8,17.7,15.1
Malda,West Bengal,April,36.3,22.2,29.6
Malda,West Bengal,May,35.7,24.4,109.6
Malda,West Bengal,June,33.8,25.8,218.9
Malda,West Bengal,July,32.2,26,307.5
Malda,West Bengal,August,32,26.1,289.4
Malda,West Bengal,September,32.1,25.8,275.9
Malda,West Bengal,October,31.3,22.9,105.6
Malda,West Bengal,November,28.7,17.3,12.1
Malda,West Bengal,December,25.4,12.6,4.4
Manali,Himachal Pradesh,January,10.6,-1.7,128.9
Manali,Himachal Pradesh,February,11.7,-0.7,124.3
Manali,Himachal Pradesh,March,16.1,2.4,189.6
Manali,Himachal Pradesh,April,21.9,5.9,103.7
Manali,Himachal Pradesh,May,24.9,8.6,82.5
Manali,Himachal Pradesh,June,27.2,12.4,74.3
Manali,Himachal Pradesh,July,25.9,15.3,217.5
Manali,Himachal Pradesh,August,25.4,14.9,205.4
Manali,Himachal Pradesh,September,25,11.2,111.9
Manali,Himachal Pradesh,October,22.4,5.4,37.9
Manali,Himachal Pradesh,November,18.4,1.5,31.7
Manali,Himachal Pradesh,December,13.8,-0.4,56.1
Mangalore (Bajpe),Karnataka,January,32.8,20.8,1.1
Mangalore (Bajpe),Karnataka,February,33,21.8,0.2
Mangalore (Bajpe),Karnataka,March,33.5,23.6,2.9
Mangalore (Bajpe),Karnataka,April,34,25,24.4
Mangalore (Bajpe),Karnataka,May,33.3,25.1,183.2
Mangalore (Bajpe),Karnataka,June,29.7,23.4,1027.2
Mangalore (Bajpe),Karnataka,July,28.2,22.9,1200.4
Mangalore (Bajpe),Karnataka,August,28.4,23,787.3
Mangalore (Bajpe),Karnataka,September,29.5,23.1,292.1
Mangalore (Bajpe),Karnataka,October,30.9,23.1,190.8
Mangalore (Bajpe),Karnataka,November,32.3,22.4,70.9
Mangalore (Bajpe),Karnataka,December,32.8,21.2,16.4
Masulipatnam,Andhra Pradesh,January,28.2,19.3,5.3
Masulipatnam,Andhra Pradesh,February,30,20.7,12.3
Masulipatnam,Andhra Pradesh,March,32.3,22.6,10.2
Masulipatnam,Andhra Pradesh,April,34.3,25.6,14.4
Masulipatnam,Andhra Pradesh,May,37,27.6,36.8
Masulipatnam,Andhra Pradesh,June,36.6,27.2,103.4
Masulipatnam,Andhra Pradesh,July,33.2,25.6,186.1
Masulipatnam,Andhra Pradesh,August,32.6,25.6,164.1
Masulipatnam,Andhra Pradesh,September,32.3,25.5,168.1
Masulipatnam,Andhra Pradesh,October,31.2,24.4,223.4
Masulipatnam,Andhra Pradesh,November,29.5,21.9,126.8
Masulipatnam,Andhra Pradesh,December,28.2,19.5,19.9
Mukteswar (Kumaun),Uttarkhand,January,10.5,1.6,54.5
Mukteswar (Kumaun),Uttarkhand,February,11.5,2.3,56.5
Mukteswar (Kumaun),Uttarkhand,March,15.9,5.8,49.7
Mukteswar (Kumaun),Uttarkhand,April,20.7,10.1,35.3
Mukteswar (Kumaun),Uttarkhand,May,23.4,12.9,58.3
Mukteswar (Kumaun),Uttarkhand,June,23.3,14.2,157.2
Mukteswar (Kumaun),Uttarkhand,July,20.9,14.2,307.4
Mukteswar (Kumaun),Uttarkhand,August,20.2,13.9,299.4
Mukteswar (Kumaun),Uttarkhand,September,20.1,12.5,202.3
Mukteswar (Kumaun),Uttarkhand,October,18.9,9.5,60.9
Mukteswar (Kumaun),Uttarkhand,November,15.8,5.9,8.8
Mukteswar (Kumaun),Uttarkhand,December,12.8,3.4,23.1
Mumbai (Santa Cruz),Maharashtra,January,30.7,16.7,15.1
Mumbai (Santa Cruz),Maharashtra,February,31.2,17.7,1
Mumbai (Santa Cruz),Maharashtra,March,32.7,20.8,0.1
Mumbai (Santa Cruz),Maharashtra,April,33,23.8,0.5
Mumbai (Santa Cruz),Maharashtra,May,33.3,26.4,20.6
Mumbai (Santa Cruz),Maharashtra,June,32.1,26.2,504.2
Mumbai (Santa Cruz),Maharashtra,July,30,25.1,819.4
Mumbai (Santa Cruz),Maharashtra,August,29.6,24.8,546.8
Mumbai (Santa Cruz),Maharashtra,September,30.3,24.3,325.2
Mumbai (Santa Cruz),Maharashtra,October,33.1,23.4,81.1
Mumbai (Santa Cruz),Maharashtra,November,33.5,20.8,113.2
Mumbai (Santa Cruz),Maharashtra,December,32.1,18.3,4.1
Mysore,Karnataka,January,28.6,16.2,4.8
Mysore,Karnataka,February,31.1,17.9,5.1
Mysore,Karnataka,March,33.6,19.9,11.6
Mysore,Karnataka,April,34.3,21.2,62.4
Mysore,Karnataka,May,32.9,21,145.7
Mysore,Karnataka,June,29.2,20.1,67.3
Mysore,Karnataka,July,27.7,19.6,74.3
Mysore,Karnataka,August,28,19.5,78.6
Mysore,Karnataka,September,28.9,19.3,117.6
Mysore,Karnataka,October,28.8,19.5,158.7
Mysore,Karnataka,November,27.9,18.2,63.8
Mysore,Karnataka,December,27.5,16.5,14.3
Nagpur (Sonegaon),Maharashtra,January,28.7,13.1,12.5
Nagpur (Sonegaon),Maharashtra,February,31.4,15.1,20.7
Nagpur (Sonegaon),Maharashtra,March,36.1,19.2,17.6
Nagpur (Sonegaon),Maharashtra,April,40.1,24,14.3
Nagpur (Sonegaon),Maharashtra,May,42.5,28,19.2
Nagpur (Sonegaon),Maharashtra,June,37.7,26.4,190.1
Nagpur (Sonegaon),Maharashtra,July,31.2,24,341.7
Nagpur (Sonegaon),Maharashtra,August,30.5,23.6,280.5
Nagpur (Sonegaon),Maharashtra,September,31.7,23.1,183.1
Nagpur (Sonegaon),Maharashtra,October,32.6,20,56.8
Nagpur (Sonegaon),Maharashtra,November,30.2,15.3,16.6
Nagpur (Sonegaon),Maharashtra,December,28.1,12.1,13.2
Nainital,Uttarkhand,January,10.7,1.7,80.3
Nainital,Uttarkhand,February,12.3,3.5,60.4
Nainital,Uttarkhand,March,16.3,7.5,55.7
Nainital,Uttarkhand,April,20.8,11.9,33.7
Nainital,Uttarkhand,May,23.5,14.6,73.8
Nainital,Uttarkhand,June,23.5,16.4,327.5
Nainital,Uttarkhand,July,21.6,16.5,725
Nainital,Uttarkhand,August,21,16,553.4
Nainital,Uttarkhand,September,20.7,14.1,385
Nainital,Uttarkhand,October,18.7,9.7,135.4
Nainital,Uttarkhand,November,15.4,5.7,7.9
Nainital,Uttarkhand,December,12.9,3.1,27.6
Nasik,Maharashtra,January,29.9,10.8,1.3
Nasik,Maharashtra,February,31.8,12,0.6
Nasik,Maharashtra,March,35.2,15.1,5.1
Nasik,Maharashtra,April,37.2,19.4,8
Nasik,Maharashtra,May,37.2,21.4,18.5
Nasik,Maharashtra,June,32.5,22.4,100.8
Nasik,Maharashtra,July,28,22.2,201.7
Nasik,Maharashtra,August,27.3,21.3,136.7
Nasik,Maharashtra,September,28.8,20.9,145
Nasik,Maharashtra,October,31.7,18.5,56.9
Nasik,Maharashtra,November,31,13.6,24.1
Nasik,Maharashtra,December,30.1,11.6,6.6
New Delhi (Palam),Haryana,January,20.8,6.7,18.9
New Delhi (Palam),Haryana,February,23.9,9.1,16.6
New Delhi (Palam),Haryana,March,30,14.1,10.8
New Delhi (Palam),Haryana,April,36.9,20.5,30.4
New Delhi (Palam),Haryana,May,40.5,25.1,29
New Delhi (Palam),Haryana,June,40.3,27.6,54.3
New Delhi (Palam),Haryana,July,35.4,26.4,216.8
New Delhi (Palam),Haryana,August,33.7,25.6,247.6
New Delhi (Palam),Haryana,September,34.2,23.8,133.8
New Delhi (Palam),Haryana,October,33.3,18.8,15.4
New Delhi (Palam),Haryana,November,28.3,12.7,6.6
New Delhi (Palam),Haryana,December,22.7,7.8,15.2
New Delhi (SFD),Haryana,January,20.8,7.8,20.9
New Delhi (SFD),Haryana,February,23.7,10.3,21
New Delhi (SFD),Haryana,March,29.6,15.4,14.5
New Delhi (SFD),Haryana,April,36,21.5,10.7
New Delhi (SFD),Haryana,May,39.8,26.2,14.1
New Delhi (SFD),Haryana,June,39.4,28.3,66.3
New Delhi (SFD),Haryana,July,35.2,27,198.4
New Delhi (SFD),Haryana,August,33.6,26.2,206.5
New Delhi (SFD),Haryana,September,34,24.7,130.3
New Delhi (SFD),Haryana,October,32.9,19.4,20.8
New Delhi (SFD),Haryana,November,28,12.8,3.9
New Delhi (SFD),Haryana,December,22.7,8.4,8.8
Palakkad (Palghat),Kerala,January,33,21.8,3.5
Palakkad (Palghat),Kerala,February,35.4,22.6,6.7
Palakkad (Palghat),Kerala,March,37.3,24.2,20.4
Palakkad (Palghat),Kerala,April,36.5,25.1,72.9
Palakkad (Palghat),Kerala,May,34,24.8,151.7
Palakkad (Palghat),Kerala,June,29.7,23.2,408.2
Palakkad (Palghat),Kerala,July,28.3,22.5,522.6
Palakkad (Palghat),Kerala,August,28.8,22.9,317.6
Palakkad (Palghat),Kerala,September,30.3,23,253.9
Palakkad (Palghat),Kerala,October,31.2,23.2,215.2
Palakkad (Palghat),Kerala,November,31.8,22.9,111.1
Palakkad (Palghat),Kerala,December,31.9,22.2,27.6
Panjim,Goa,January,31.1,20.2,0.9
Panjim,Goa,February,31,20.8,0.1
Panjim,Goa,March,31.4,23.3,0.4
Panjim,Goa,April,32.3,25.5,10.2
Panjim,Goa,May,32.7,26.6,66.7
Panjim,Goa,June,30.1,25,874
Panjim,Goa,July,28.6,24.3,949.5
Panjim,Goa,August,28.6,24.2,515.9
Panjim,Goa,September,29.3,24.1,231
Panjim,Goa,October,31.1,24.1,102.6
Panjim,Goa,November,32.2,22.6,30.2
Panjim,Goa,December,31.8,21,8.8
Parbhani,Maharashtra,January,30,14,6.1
Parbhani,Maharashtra,February,33.1,16.2,4.2
Parbhani,Maharashtra,March,37.1,20.3,11.2
Parbhani,Maharashtra,April,40.2,24,7.9
Parbhani,Maharashtra,May,41.7,26.4,19.1
Parbhani,Maharashtra,June,36.6,24.6,148.4
Parbhani,Maharashtra,July,31.8,23,237.6
Parbhani,Maharashtra,August,30.7,22.5,214.7
Parbhani,Maharashtra,September,31.5,22.2,183.2
Parbhani,Maharashtra,October,32.4,20,72.2
Parbhani,Maharashtra,November,30.5,15.9,20.5
Parbhani,Maharashtra,December,29.1,13.4,8.6
Pasighat,Arunachal Pradesh,January,22.8,12.3,50.9
Pasighat,Arunachal Pradesh,February,23,13.9,99
Pasighat,Arunachal Pradesh,March,26,16.7,131.2
Pasighat,Arunachal Pradesh,April,27.8,18.9,258.9
Pasighat,Arunachal Pradesh,May,29.3,21.2,385.4
Pasighat,Arunachal Pradesh,June,30.7,23.2,804.5
Pasighat,Arunachal Pradesh,July,30.4,23.5,1053.9
Pasighat,Arunachal Pradesh,August,31.5,23.8,755
Pasighat,Arunachal Pradesh,September,30.5,23,587.1
Pasighat,Arunachal Pradesh,October,29.4,20.6,244.2
Pasighat,Arunachal Pradesh,November,27.2,16.6,33.2
Pasighat,Arunachal Pradesh,December,24.1,13.3,28
Patna (A),Bihar,January,23,9.3,20.4
Patna (A),Bihar,February,26.1,11.6,11.1
Patna (A),Bihar,March,32.4,16.4,11.4
Patna (A),Bihar,April,37.4,22.1,9
Patna (A),Bihar,May,38.4,25.1,35.6
Patna (A),Bihar,June,36.7,26.7,141
Patna (A),Bihar,July,32.9,26.1,319.2
Patna (A),Bihar,August,32.5,26.1,279.3
Patna (A),Bihar,September,32.2,25.3,212.6
Patna (A),Bihar,October,31.7,21.6,72.3
Patna (A),Bihar,November,28.9,14.8,8.2
Patna (A),Bihar,December,24.6,10.1,7.4
Pondicherry (A),Puduchery,January,29.6,20.3,14.8
Pondicherry (A),Puduchery,February,30.7,21.5,47.7
Pondicherry (A),Puduchery,March,32.2,23,0
Pondicherry (A),Puduchery,April,34,25.8,37.3
Pondicherry (A),Puduchery,May,36.8,26.9,29.7
Pondicherry (A),Puduchery,June,36.6,26.4,79.6
Pondicherry (A),Puduchery,July,35.6,26,61
Pondicherry (A),Puduchery,August,34.5,25.1,148.2
Pondicherry (A),Puduchery,September,34,24.8,149.6
Pondicherry (A),Puduchery,October,32,24,278.3
Pondicherry (A),Puduchery,November,30.4,22.9,379.5
Pondicherry (A),Puduchery,December,29.1,21.4,502.3
Port Blair,Andaman and Nicobar,January,29.4,23.1,46.4
Port Blair,Andaman and Nicobar,February,30.2,22.5,26.5
Port Blair,Andaman and Nicobar,March,31.5,23.2,29.3
Port Blair,Andaman and Nicobar,April,32.5,24.7,69
Port Blair,Andaman and Nicobar,May,31.1,24.7,360.4
Port Blair,Andaman and Nicobar,June,29.6,24.4,501.1
Port Blair,Andaman and Nicobar,July,29.2,24.3,423.7
Port Blair,Andaman and Nicobar,August,29.1,24.2,425.1
Port Blair,Andaman and Nicobar,September,29.1,23.7,463
Port Blair,Andaman and Nicobar,October,29.6,23.7,300.7
Port Blair,Andaman and Nicobar,November,29.7,23.9,235
Port Blair,Andaman and Nicobar,December,29.4,23.6,154.6
Pune,Maharashtra,January,30.2,11.6,1.6
Pune,Maharashtra,February,32.3,12.7,1.1
Pune,Maharashtra,March,35.8,16.3,2.7
Pune,Maharashtra,April,37.9,20.1,13.6
Pune,Maharashtra,May,37.2,22.3,33.3
Pune,Maharashtra,June,32,22.8,120.4
Pune,Maharashtra,July,28.1,22,179
Pune,Maharashtra,August,27.6,21.3,106.4
Pune,Maharashtra,September,29.2,20.6,129.1
Pune,Maharashtra,October,31.7,18.9,78.8
Pune,Maharashtra,November,30.5,14.8,28.6
Pune,Maharashtra,December,29.3,11.8,5.3
Raipur,Chattisgarh,January,27.6,13.3,11.7
Raipur,Chattisgarh,February,30.3,15.9,21
Raipur,Chattisgarh,March,35.1,20.2,19.6
Raipur,Chattisgarh,April,39.4,24.8,15.5
Raipur,Chattisgarh,May,41.9,28,22.9
Raipur,Chattisgarh,June,37.2,26.4,209.4
Raipur,Chattisgarh,July,30.6,23.9,369.1
Raipur,Chattisgarh,August,30.1,23.8,365.4
Raipur,Chattisgarh,September,31.3,23.8,216.6
Raipur,Chattisgarh,October,31.6,21.2,52.1
Raipur,Chattisgarh,November,29.3,16.1,11.4
Raipur,Chattisgarh,December,27.1,12.7,4.2
Rajkot (A),Gujarat,January,28.2,11.8,1
Rajkot (A),Gujarat,February,30.8,13.8,1
Rajkot (A),Gujarat,March,35.2,18,1
Rajkot (A),Gujarat,April,38.6,21.7,1.6
Rajkot (A),Gujarat,May,40.3,24.8,3.9
Rajkot (A),Gujarat,June,37.6,26.1,98.9
Rajkot (A),Gujarat,July,32.9,25.1,242.5
Rajkot (A),Gujarat,August,31.5,24.1,174.3
Rajkot (A),Gujarat,September,33.2,23.1,101
Rajkot (A),Gujarat,October,35.5,21.5,53.2
Rajkot (A),Gujarat,November,32.9,17.6,10
Rajkot (A),Gujarat,December,29.6,13.6,0.8
Ranchi (A),Jharkhand,January,23,10,20.5
Ranchi (A),Jharkhand,February,25.8,12.6,25.7
Ranchi (A),Jharkhand,March,31.2,17,18.9
Ranchi (A),Jharkhand,April,35.5,21.4,41.2
Ranchi (A),Jharkhand,May,37.2,23.6,58.5
Ranchi (A),Jharkhand,June,33.5,23.7,216.3
Ranchi (A),Jharkhand,July,29.3,22.7,337.9
Ranchi (A),Jharkhand,August,28.8,22.5,326.8
Ranchi (A),Jharkhand,September,29.1,21.8,273.2
Ranchi (A),Jharkhand,October,28.5,19,99.7
Ranchi (A),Jharkhand,November,25.9,14,16
Ranchi (A),Jharkhand,December,23.2,10.2,6.1
Sambalpur,Odisha,January,27.6,12.6,14.2
Sambalpur,Odisha,February,30.1,15.1,28
Sambalpur,Odisha,March,35,19,20.9
Sambalpur,Odisha,April,39.3,23.5,14.2
Sambalpur,Odisha,May,41.4,27,22.7
Sambalpur,Odisha,June,36.9,26.7,218.9
Sambalpur,Odisha,July,31.1,24.9,459
Sambalpur,Odisha,August,30.7,24.8,487.5
Sambalpur,Odisha,September,31.7,24.6,243.5
Sambalpur,Odisha,October,31.7,21.8,56.6
Sambalpur,Odisha,November,29.4,16.2,17.6
Sambalpur,Odisha,December,27.2,12.1,4.8
Shillong,Meghalya,January,15.3,4.4,13.7
Shillong,Meghalya,February,17,6.4,22.7
Shillong,Meghalya,March,21.3,10.6,53.7
Shillong,Meghalya,April,23.4,13.8,130.1
Shillong,Meghalya,May,23.5,15.3,273.7
Shillong,Meghalya,June,23.7,17.3,468.8
Shillong,Meghalya,July,24,18,394.5
Shillong,Meghalya,August,24,17.7,317.5
Shillong,Meghalya,September,23.4,16.5,293.8
Shillong,Meghalya,October,21.7,13.2,192.4
Shillong,Meghalya,November,19,8.7,37.3
Shillong,Meghalya,December,16.3,5.3,9.3
Shimla,Himachal Pradesh,January,8.6,1.9,57.9
Shimla,Himachal Pradesh,February,9.7,2.7,64.2
Shimla,Himachal Pradesh,March,13.9,6.5,62.1
Shimla,Himachal Pradesh,April,18.9,10.9,46.1
Shimla,Himachal Pradesh,May,22.7,14.4,62.8
Shimla,Himachal Pradesh,June,23.7,15.8,161.1
Shimla,Himachal Pradesh,July,20.9,15.3,419
Shimla,Himachal Pradesh,August,19.8,14.9,385.9
Shimla,Himachal Pradesh,September,19.6,13.5,206.5
Shimla,Himachal Pradesh,October,17.9,10.7,38.5
Shimla,Himachal Pradesh,November,14.1,7,12
Shimla,Himachal Pradesh,December,11.1,4.1,23.2
Silchar,Assam,January,24.9,11.7,18
Silchar,Assam,February,26.7,13.5,47.6
Silchar,Assam,March,30,17.4,152.6
Silchar,Assam,April,30.8,20.7,328.8
Silchar,Assam,May,31.1,22.8,430.5
Silchar,Assam,June,31.3,24.5,588.3
Silchar,Assam,July,31.7,25,531.3
Silchar,Assam,August,31.7,24.9,480.7
Silchar,Assam,September,31.6,24.6,383.8
Silchar,Assam,October,30.9,22.5,204.4
Silchar,Assam,November,28.9,17.7,42
Silchar,Assam,December,26.1,13,10
Solapur,Maharashtra,January,30.8,15.8,4.7
Solapur,Maharashtra,February,33.6,17.6,4.4
Solapur,Maharashtra,March,37.3,21.2,5
Solapur,Maharashtra,April,39.6,24.3,12.4
Solapur,Maharashtra,May,40.2,25.1,27.6
Solapur,Maharashtra,June,35,23.3,116.9
Solapur,Maharashtra,July,31.7,22.3,129.9
Solapur,Maharashtra,August,31.3,21.8,119.8
Solapur,Maharashtra,September,31.7,21.6,182.4
Solapur,Maharashtra,October,32.6,20.7,85.4
Solapur,Maharashtra,November,31,17.6,26.4
Solapur,Maharashtra,December,29.9,15.2,7.8
Sri Niketan,West Bengal,January,25,11.8,11.6
Sri Niketan,West Bengal,February,28.3,14.5,23.5
Sri Niketan,West Bengal,March,33.8,19.2,28.4
Sri Niketan,West Bengal,April,37.4,23.4,44.9
Sri Niketan,West Bengal,May,37.3,25,98.4
Sri Niketan,West Bengal,June,35.1,26,242.8
Sri Niketan,West Bengal,July,32.6,25.8,317.2
Sri Niketan,West Bengal,August,32.2,25.8,276.5
Sri Niketan,West Bengal,September,32.2,25.3,253.3
Sri Niketan,West Bengal,October,31.5,22.6,97.2
Sri Niketan,West Bengal,November,29.3,17.2,17.2
Sri Niketan,West Bengal,December,26,12.6,8.6
Srinagar,Jammu and Kashmir,January,5,-2.3,62.2
Srinagar,Jammu and Kashmir,February,7.6,-0.8,71.4
Srinagar,Jammu and Kashmir,March,13.5,3.4,101.1
Srinagar,Jammu and Kashmir,April,19.3,7.4,90.7
Srinagar,Jammu and Kashmir,May,24.2,10.9,68.2
Srinagar,Jammu and Kashmir,June,28.9,14.5,36.3
Srinagar,Jammu and Kashmir,July,30.3,18.2,54.3
Srinagar,Jammu and Kashmir,August,29.7,17.7,64.6
Srinagar,Jammu and Kashmir,September,27.6,12.5,35.4
Srinagar,Jammu and Kashmir,October,22.1,5.6,30.9
Srinagar,Jammu and Kashmir,November,15.4,0.3,19.7
Srinagar,Jammu and Kashmir,December,8.5,-2,41.4
Surat,Gujarat,January,30.9,14.7,2.1
Surat,Gujarat,February,32.4,16.2,1
Surat,Gujarat,March,35.8,20.1,0.8
Surat,Gujarat,April,37.2,23.6,2.2
Surat,Gujarat,May,36.2,26.3,6.4
Surat,Gujarat,June,33.8,26.7,212.8
Surat,Gujarat,July,30.8,25.5,440.8
Surat,Gujarat,August,30.4,25.1,233.4
Surat,Gujarat,September,31.8,24.6,169.7
Surat,Gujarat,October,35.3,23,33.5
Surat,Gujarat,November,34.3,19.2,12.4
Surat,Gujarat,December,32,15.9,2.1
Thiruvananthapuram,Kerala,January,30.7,22.4,22.9
Thiruvananthapuram,Kerala,February,31.2,23,21.9
Thiruvananthapuram,Kerala,March,32.1,24.4,36.4
Thiruvananthapuram,Kerala,April,32.1,25.3,110.5
Thiruvananthapuram,Kerala,May,31.3,25.2,210
Thiruvananthapuram,Kerala,June,29.3,23.9,343.5
Thiruvananthapuram,Kerala,July,28.8,23.4,218.6
Thiruvananthapuram,Kerala,August,29,23.5,143.2
Thiruvananthapuram,Kerala,September,29.6,23.6,152.5
Thiruvananthapuram,Kerala,October,29.5,23.6,267.9
Thiruvananthapuram,Kerala,November,29.6,23.3,199
Thiruvananthapuram,Kerala,December,30.3,22.8,70.2
Tirupathy,Andhra Pradesh,January,29.9,18.7,22
Tirupathy,Andhra Pradesh,February,32.8,20.1,19.7
Tirupathy,Andhra Pradesh,March,36.7,22.6,2.9
Tirupathy,Andhra Pradesh,April,39.3,26.2,13.9
Tirupathy,Andhra Pradesh,May,40.3,27.9,45.7
Tirupathy,Andhra Pradesh,June,37.8,27.2,69.7
Tirupathy,Andhra Pradesh,July,35.7,25.9,113
Tirupathy,Andhra Pradesh,August,34.8,25.5,118.6
Tirupathy,Andhra Pradesh,September,34.8,25.1,119.1
Tirupathy,Andhra Pradesh,October,32.7,23.5,157.5
Tirupathy,Andhra Pradesh,November,30.1,21.7,218.7
Tirupathy,Andhra Pradesh,December,28.9,19.9,130.5
Tura,Meghalya,January,23,11.5,8.7
Tura,Meghalya,February,25.2,13.4,11
Tura,Meghalya,March,29.3,17.4,53.4
Tura,Meghalya,April,31.2,20.4,147.8
Tura,Meghalya,May,30.1,20.7,402.8
Tura,Meghalya,June,29.1,21.3,611.5
Tura,Meghalya,July,28.8,22.2,628.3
Tura,Meghalya,August,28.8,22.1,458.8
Tura,Meghalya,September,29.1,21.6,377.4
Tura,Meghalya,October,28.8,19.6,210.7
Tura,Meghalya,November,26.6,15.9,28.5
Tura,Meghalya,December,23.8,12.9,2.4
Udaipur (Dabok),Rajasthan,January,24.3,7,2.4
Udaipur (Dabok),Rajasthan,February,27,9.3,13.8
Udaipur (Dabok),Rajasthan,March,32.6,14.6,6.2
Udaipur (Dabok),Rajasthan,April,37.3,20.2,5.2
Udaipur (Dabok),Rajasthan,May,39.7,25,16.9
Udaipur (Dabok),Rajasthan,June,37.3,26.1,75.2
Udaipur (Dabok),Rajasthan,July,32,24.5,175.1
Udaipur (Dabok),Rajasthan,August,30.2,23.2,195.3
Udaipur (Dabok),Rajasthan,September,32.3,21.4,89.4
Udaipur (Dabok),Rajasthan,October,33.4,16.9,16.3
Udaipur (Dabok),Rajasthan,November,29.4,11.8,12.8
Udaipur (Dabok),Rajasthan,December,25.5,7.8,2.9
Uthagamandalam,Tamilnadu,January,20.3,5.6,20.5
Uthagamandalam,Tamilnadu,February,20.9,6.5,10.2
Uthagamandalam,Tamilnadu,March,22.2,8.8,25.8
Uthagamandalam,Tamilnadu,April,22.6,10.7,75.4
Uthagamandalam,Tamilnadu,May,22,11.4,147.5
Uthagamandalam,Tamilnadu,June,18.3,11.2,136.7
Uthagamandalam,Tamilnadu,July,16.9,11,181.1
Uthagamandalam,Tamilnadu,August,17.4,10.9,123.7
Uthagamandalam,Tamilnadu,September,18.5,10.4,134.9
Uthagamandalam,Tamilnadu,October,18.8,10.1,189.2
Uthagamandalam,Tamilnadu,November,18.7,8.6,139.9
Uthagamandalam,Tamilnadu,December,19.7,6.7,52.8
Varanasi (Babatpur),Uttar Pradesh,January,23.2,8.8,17.6
Varanasi (Babatpur),Uttar Pradesh,February,26.7,11.3,15
Varanasi (Babatpur),Uttar Pradesh,March,33,16.3,7.9
Varanasi (Babatpur),Uttar Pradesh,April,38.8,22,4.4
Varanasi (Babatpur),Uttar Pradesh,May,40.9,26.2,10.5
Varanasi (Babatpur),Uttar Pradesh,June,38.8,27.9,96.6
Varanasi (Babatpur),Uttar Pradesh,July,33.8,26.4,309.9
Varanasi (Babatpur),Uttar Pradesh,August,32.8,26,273.2
Varanasi (Babatpur),Uttar Pradesh,September,32.7,25,246.4
Varanasi (Babatpur),Uttar Pradesh,October,32.7,20.7,35.1
Varanasi (Babatpur),Uttar Pradesh,November,29.3,14.1,10.7
Varanasi (Babatpur),Uttar Pradesh,December,24.6,9.6,6.5
Vijayawada,Andhra Pradesh,January,30.2,18.6,6.2
Vijayawada,Andhra Pradesh,February,32.7,20.6,4.6
Vijayawada,Andhra Pradesh,March,35.6,23.3,4.6
Vijayawada,Andhra Pradesh,April,38.2,26.2,4.8
Vijayawada,Andhra Pradesh,May,39.9,27.8,20.8
Vijayawada,Andhra Pradesh,June,37.2,26.9,80.8
Vijayawada,Andhra Pradesh,July,33.7,25,173
Vijayawada,Andhra Pradesh,August,33.1,25,146.2
Vijayawada,Andhra Pradesh,September,32.4,24.5,179.9
Vijayawada,Andhra Pradesh,October,32.4,23.2,57.2
Vijayawada,Andhra Pradesh,November,31,20.9,52.3
Vijayawada,Andhra Pradesh,December,30.3,19.7,5.8
Vishakhapatnam,Andhra Pradesh,January,27.7,20.6,14.2
Vishakhapatnam,Andhra Pradesh,February,29.2,22.2,21.1
Vishakhapatnam,Andhra Pradesh,March,30.8,24.4,8.3
Vishakhapatnam,Andhra Pradesh,April,31.8,26.3,25.6
Vishakhapatnam,Andhra Pradesh,May,33.1,27.5,68.7
Vishakhapatnam,Andhra Pradesh,June,32.8,27.4,124.6
Vishakhapatnam,Andhra Pradesh,July,31.2,26.2,142.1
Vishakhapatnam,Andhra Pradesh,August,31.3,26,165.2
Vishakhapatnam,Andhra Pradesh,September,31.3,25.8,164
Vishakhapatnam,Andhra Pradesh,October,31.1,24.9,238.2
Vishakhapatnam,Andhra Pradesh,November,29.6,23.1,124
Vishakhapatnam,Andhra Pradesh,December,27.9,20.9,6.7
